model_name,set,accuracy_mean,precision_mean,recall_mean,f1_mean,auc_mean,accuracy_median,precision_median,recall_median,f1_median,auc_median
LogisticRegresion,TEST,0.85,0.7222222222222222,0.7647058823529411,0.7428571428571429,0.9291293411588192,0.85,0.7222222222222222,0.7647058823529411,0.7428571428571429,0.930232558139535
LogisticRegresion,TRAIN,0.8588203536239709,0.8263784437843927,0.7251939567170274,0.7724393349599455,0.9404272151898735,0.8619246861924686,0.8285714285714286,0.7341772151898734,0.7785234899328859,0.9405063291139241
