model_name,set,accuracy_mean,precision_mean,recall_mean,f1_mean,auc_mean,accuracy_median,precision_median,recall_median,f1_median,auc_median
DecisionTree,TEST,0.8483870967741935,0.7307507732957366,0.7760910815939279,0.7446425246053209,0.8830148713649,0.85,0.7142857142857143,0.7647058823529411,0.75,0.8919288645690835
DecisionTree,TRAIN,0.8559859630179512,0.8067229882458229,0.7558187015108208,0.7747016513988214,0.8880946304614128,0.8577405857740585,0.8148148148148148,0.759493670886076,0.7746478873239436,0.889754746835443
