model_name,set,accuracy_mean,precision_mean,recall_mean,f1_mean,auc_mean,accuracy_median,precision_median,recall_median,f1_median,auc_median
Voting,TEST,0.8494623655913978,0.7485850171334042,0.7058823529411765,0.7254733299998648,0.937734433608402,0.85,0.75,0.7058823529411765,0.7272727272727273,0.9384404924760602
Voting,TRAIN,0.83520043190714,0.7593113781391525,0.7354022049816251,0.7467839767110158,0.9179843813801551,0.8368200836820083,0.7530864197530864,0.7468354430379747,0.7532467532467533,0.9192246835443038
