model_name,set,accuracy_mean,precision_mean,recall_mean,f1_mean,auc_mean,accuracy_median,precision_median,recall_median,f1_median,auc_median
XGBoost,TEST,0.885483870967742,0.7773574908174928,0.8368121442125237,0.8055716402964981,0.9299236573849344,0.8833333333333333,0.7777777777777778,0.8235294117647058,0.8,0.93296853625171
XGBoost,TRAIN,0.9063301390201106,0.8684594391082009,0.8448346263781135,0.8562351332810386,0.9677125867701102,0.9037656903765691,0.8717948717948718,0.8481012658227848,0.8553459119496856,0.9682753164556962
