model_name,set,accuracy_mean,precision_mean,recall_mean,f1_mean,auc_mean,accuracy_median,precision_median,recall_median,f1_median,auc_median
GradientBoost,TEST,0.8725806451612903,0.7463168515850029,0.8368121442125237,0.7883721860851592,0.9323948634217378,0.8666666666666667,0.7368421052631579,0.8235294117647058,0.7777777777777778,0.930232558139535
GradientBoost,TRAIN,0.879470913753543,0.8449319921232936,0.7786851776235197,0.8100603975195074,0.959085340955492,0.8786610878661087,0.8450704225352113,0.7848101265822784,0.8104575163398693,0.9590981012658227
