model_name,set,accuracy_mean,precision_mean,recall_mean,f1_mean,auc_mean,accuracy_median,precision_median,recall_median,f1_median,auc_median
XGBoost,TEST,0.8887096774193549,0.7855657486537343,0.8387096774193549,0.8104867495721885,0.931004810026036,0.8833333333333333,0.7777777777777778,0.8235294117647058,0.8,0.93296853625171
XGBoost,TRAIN,0.9092995006073694,0.8739441303532118,0.8481012658227848,0.8605564708265586,0.9685968762760311,0.9079497907949791,0.8767123287671232,0.8354430379746836,0.8571428571428571,0.9694620253164556
