model_name,set,accuracy_mean,precision_mean,recall_mean,f1_mean,auc_mean,accuracy_median,precision_median,recall_median,f1_median,auc_median
DecisionTree,TEST,0.9026881720430108,0.8263181475193361,0.8330170777988614,0.8291439743052647,0.9489431181324742,0.9,0.8235294117647058,0.8235294117647058,0.8235294117647058,0.9493844049247606
DecisionTree,TRAIN,0.8947226346335537,0.8726153983103037,0.7986933442221315,0.8336272056984657,0.9637403021641486,0.895397489539749,0.8714285714285714,0.7974683544303798,0.8344370860927153,0.964003164556962
