model_name,set,accuracy_mean,precision_mean,recall_mean,f1_mean,auc_mean,accuracy_median,precision_median,recall_median,f1_median,auc_median
LogisticRegresion,TEST,0.85,0.7222222222222222,0.7647058823529411,0.7428571428571429,0.9290410838003619,0.85,0.7222222222222222,0.7647058823529411,0.7428571428571429,0.930232558139535
LogisticRegresion,TRAIN,0.8586853826427319,0.8262939780205275,0.7247856267864434,0.7721737986476459,0.9403429971416906,0.8577405857740585,0.8260869565217391,0.7215189873417721,0.7702702702702703,0.9399525316455696
